year,name,location,address,city,state,country,material,size,style,image,key_name,lat,lon,geolink,visible,iframe,table,has_image,comissions,notes
1969,All-American Cookie Cutter,,,Boston,MA,USA,Plexiglas,3 Feet,planar,,all-american-cookie-cutter,,,,,,,,collector,destroyed in a fire
1994,Arch of Janus,Seven Bridges Foundation,114 John St,Greenwich,CT,USA,Granite,14 feet,solid,arch_of_janus,arch-of-janus,41.095157,-73.684888,"http://maps.google.com/maps?f=q&source=s_q&hl=en&geocode=&q=Seven+Bridges+Foundation,+greenwich,+CT&sll=37.0625,-95.677068&sspn=38.365962,74.003906&ie=UTF8&hq=Seven+Bridges+Foundation,&hnear=Greenwich,+Fairfield,+Connecticut&ll=41.095133,-73.684891&spn=0.000558,0.001129&t=h&z=20",y,"<iframe width=""425"" height=""350"" frameborder=""0"" scrolling=""no"" marginheight=""0"" marginwidth=""0"" src=""http://maps.google.com/maps?f=q&amp;source=s_q&amp;hl=en&amp;geocode=&amp;q=Seven+Bridges+Foundation,+greenwich,+CT&amp;sll=37.0625,-95.677068&amp;sspn=38.365962,74.003906&amp;ie=UTF8&amp;hq=Seven+Bridges+Foundation,&amp;hnear=Greenwich,+Fairfield,+Connecticut&amp;t=h&amp;ll=41.097488,-73.685219&amp;spn=0.000568,0.001007&amp;z=14&amp;iwloc=A&amp;cid=8707118540212756163&amp;output=embed""></iframe><br /><small><a href=""http://maps.google.com/maps?f=q&amp;source=embed&amp;hl=en&amp;geocode=&amp;q=Seven+Bridges+Foundation,+greenwich,+CT&amp;sll=37.0625,-95.677068&amp;sspn=38.365962,74.003906&amp;ie=UTF8&amp;hq=Seven+Bridges+Foundation,&amp;hnear=Greenwich,+Fairfield,+Connecticut&amp;t=h&amp;ll=41.097488,-73.685219&amp;spn=0.000568,0.001007&amp;z=14&amp;iwloc=A&amp;cid=8707118540212756163"" style=""color:#0000FF;text-align:left"">View Larger Map</a></small>",,y,commission
1976,Archimede,Homart Corporation,,Northbrook,IL,USA,Aluminum,20 feet,ribbed,,archimede,,,,,,,?,commission,destroyed
1986,Bisected Dodecahedron,Eggleston Residence,,Bedford,NY,USA,Aluminum,24 feet,solid,bisected_dodeca,bisected-dodeca,,,,,,y,y,commission
2005,Black Hole,Godfrey Residence,,Westport,CT,USA,Bronze,2 Feet,topological,,black-hole-godfrey,,,,,,,,collector
2000,Black Hole,McKinney Residence,,Cincinnati,OH,USA,Stainless Steel,2 Feet,topological,BlackHoleMc,black-hole-mc,,,,,,y,y,collector
1975,Black Hole,Perry Residence,,Norwalk,CT,USA,Bronze,7 Feet,topological,BlackHoleP,black-hole-perry,,,,,,y,,collector
2000,Blade,Ponti Residence,,London,,UK,Bronze,3 Feet,topological,,blade-ponti,51.50009,-0.12634,"http://maps.google.com/maps?f=q&source=s_q&hl=en&geocode=&q=London,+UK&sll=25.888077,-80.122803&sspn=0.002712,0.004141&ie=UTF8&hq=&hnear=Westminster,+London,+United+Kingdom&ll=51.499446,-0.130978&spn=0.030029,0.066261&t=h&z=14",n,,,n,collector
1990,Blade,Cummer Museum of Art & Gardens,829 Riverside Ave,Jacksonville,FL,USA,Bronze,3 Feet,topological,Blade,blade,30.314909,-81.676741,"http://maps.google.com/maps?f=q&source=s_q&hl=en&q=Cummer+Gallery+Museum,&sll=30.314682,-81.676754&sspn=0.001308,0.002081&ie=UTF8&t=h&split=1&filter=0&rq=1&ev=zo&radius=0.07&hq=Cummer+Gallery+Museum,&hnear=&ll=30.315543,-81.676521&spn=0.001308,0.002081&z=19&iwloc=A",n,,y,y,collector
2006,Broken Symmetry,South Main Street,,West Hartford,CT,USA,Aluminum,7 Feet,planar,broken_symmetry,broken-symmetry,41.759108,-72.741846,"http://maps.google.com/maps?q=south+main+street+west+hartford&ie=UTF8&hq=&hnear=S+Main+St,+West+Hartford,+Connecticut&gl=us&ei=Ur_rTJTKG4L68Ab8zeXGAQ&oi=geocode_result&ved=0CBQQ8gEwAA&ll=41.759136,-72.742238&spn=0.001162,0.003093&t=h&z=19",n,"<iframe width=""425"" height=""350"" frameborder=""0"" scrolling=""no"" marginheight=""0"" marginwidth=""0"" src=""http://maps.google.com/maps?q=south+main+street+west+hartford&amp;ie=UTF8&amp;hq=&amp;hnear=S+Main+St,+West+Hartford,+Connecticut&amp;gl=us&amp;ei=Ur_rTJTKG4L68Ab8zeXGAQ&amp;oi=geocode_result&amp;ved=0CBQQ8gEwAA&amp;ll=41.758362,-72.742689&amp;spn=0.001162,0.003093&amp;t=h&amp;z=14&amp;output=embed""></iframe><br /><small><a href=""http://maps.google.com/maps?q=south+main+street+west+hartford&amp;ie=UTF8&amp;hq=&amp;hnear=S+Main+St,+West+Hartford,+Connecticut&amp;gl=us&amp;ei=Ur_rTJTKG4L68Ab8zeXGAQ&amp;oi=geocode_result&amp;ved=0CBQQ8gEwAA&amp;ll=41.758362,-72.742689&amp;spn=0.001162,0.003093&amp;t=h&amp;z=14&amp;source=embed"" style=""color:#0000FF;text-align:left"">View Larger Map</a></small>",,,on loan
1977,Bronze Loops,Blue Cross,801 South Figueroa Street,Los Angeles,CA,USA,Bronze,5 Feet,topological,,bronze-loops,34.047648,-118.261712,"http://maps.google.com/maps?f=q&source=s_q&hl=en&geocode=&q=blue+cross+los+angeles&sll=41.759136,-72.742238&sspn=0.001162,0.003093&gl=us&ie=UTF8&hq=blue+cross&hnear=Los+Angeles,+California&ll=34.047666,-118.261997&spn=0.001245,0.003093&t=h&z=19",n,"<iframe width=""425"" height=""350"" frameborder=""0"" scrolling=""no"" marginheight=""0"" marginwidth=""0"" src=""http://maps.google.com/maps?f=q&amp;source=s_q&amp;hl=en&amp;geocode=&amp;q=blue+cross+los+angeles&amp;sll=41.759136,-72.742238&amp;sspn=0.001162,0.003093&amp;gl=us&amp;ie=UTF8&amp;hq=blue+cross&amp;hnear=Los+Angeles,+California&amp;ll=34.056862,-118.353075&amp;spn=0.096299,0.262536&amp;t=h&amp;output=embed""></iframe><br /><small><a href=""http://maps.google.com/maps?f=q&amp;source=embed&amp;hl=en&amp;geocode=&amp;q=blue+cross+los+angeles&amp;sll=41.759136,-72.742238&amp;sspn=0.001162,0.003093&amp;gl=us&amp;ie=UTF8&amp;hq=blue+cross&amp;hnear=Los+Angeles,+California&amp;ll=34.056862,-118.353075&amp;spn=0.096299,0.262536&amp;t=h"" style=""color:#0000FF;text-align:left"">View Larger Map</a></small>",,???,commission
1973,Bullet Proof Campus Art,University of Denver,Penrose Library,Denver,CO,USA,Steel,15 Feet,planar,bullet_proof_campus_art,bullet-proof-campus-art,39.677541,-104.962309,"http://maps.google.com/maps?f=q&source=s_q&hl=en&geocode=&q=Penrose+Library,+Denver,+CO&sll=39.676426,-104.962177&sspn=0.009331,0.016522&gl=us&ie=UTF8&hq=Penrose+Library,&hnear=Denver,+Colorado&ll=39.677584,-104.962191&spn=0.001123,0.002065&t=h&z=19",y,"<iframe width=""425"" height=""350"" frameborder=""0"" scrolling=""no"" marginheight=""0"" marginwidth=""0"" src=""http://maps.google.com/maps?hl=en&amp;gl=us&amp;ie=UTF8&amp;ll=39.677522,-104.962362&amp;spn=0.00116,0.002014&amp;t=h&amp;z=19&amp;output=embed""></iframe><br /><small><a href=""http://maps.google.com/maps?hl=en&amp;gl=us&amp;ie=UTF8&amp;ll=39.677522,-104.962362&amp;spn=0.00116,0.002014&amp;t=h&amp;z=19&amp;source=embed"" style=""color:#0000FF;text-align:left"">View Larger Map</a></small>",,y,commission,http://www.scribd.com/doc/16975838/Summer-2009-University-of-Denver-Magazine
1986,Calligraphic Loop,Cadillac Fairview Association,???,Fairfax,VA,USA,Aluminum,6 Feet,planar,,calligraphic-loop,,,,n,,,n,commission,white
1986,Calligraphic Mobius,Crystal City,U.S. Patent and Trademark Office,Arlington,VA,USA,Aluminum,20 feet,planar,calligraphic_mobius,calligraphic-mobius,38.854714,-77.04919,"http://maps.google.com/maps?f=q&source=s_q&hl=en&geocode=&q=Crystal+City+Shops,+Arlington,+VA&sll=37.0625,-95.677068&sspn=39.099308,73.916016&ie=UTF8&hq=Crystal+City+Shops,&hnear=Arlington,+Virginia&ll=38.854614,-77.049398&spn=0.000562,0.001128&t=h&z=20&layer=c&cbll=38.854758,-77.049388&panoid=PJp7H4R1UKoAFNrK0f0tGw&cbp=12,94.16,,0,5.54",y,"<iframe width=""425"" height=""350"" frameborder=""0"" scrolling=""no"" marginheight=""0"" marginwidth=""0"" src=""http://maps.google.com/maps?f=q&amp;source=embed&amp;hl=en&amp;geocode=&amp;q=Crystal+City+Shops,+Arlington,+VA&amp;sll=37.0625,-95.677068&amp;sspn=39.099308,73.916016&amp;ie=UTF8&amp;hq=Crystal+City+Shops,&amp;hnear=Arlington,+Virginia&amp;t=h&amp;layer=c&amp;cbll=38.854761,-77.049387&amp;panoid=PJp7H4R1UKoAFNrK0f0tGw&amp;cbp=12,94.16,,0,5.54&amp;ll=38.854614,-77.049398&amp;spn=0.000562,0.001128&amp;output=svembed""></iframe><br /><small><a href=""http://maps.google.com/maps?f=q&amp;source=embed&amp;hl=en&amp;geocode=&amp;q=Crystal+City+Shops,+Arlington,+VA&amp;sll=37.0625,-95.677068&amp;sspn=39.099308,73.916016&amp;ie=UTF8&amp;hq=Crystal+City+Shops,&amp;hnear=Arlington,+Virginia&amp;t=h&amp;layer=c&amp;cbll=38.854761,-77.049387&amp;panoid=PJp7H4R1UKoAFNrK0f0tGw&amp;cbp=12,94.16,,0,5.54&amp;ll=38.854614,-77.049398&amp;spn=0.000562,0.001128"" style=""color:#0000FF;text-align:left"">View Larger Map</a></small>",y,y,commission
1973,Cantata,Security Pacific Bank,,Los Angeles,CA,USA,Brass,32 Feet,ribbed,cantata,cantata,34.053477,-118.253049,"http://maps.google.com/maps?f=q&source=s_q&hl=en&geocode=&q=333+South+Hope+Street+Los+Angeles&sll=34.101598,-118.329293&sspn=0.001202,0.001988&ie=UTF8&hq=&hnear=333+S+Hope+St,+Los+Angeles,+California+90071&ll=34.053233,-118.253011&spn=0.002516,0.003975&t=h&z=18",n,"<iframe width=""425"" height=""350"" frameborder=""0"" scrolling=""no"" marginheight=""0"" marginwidth=""0"" src=""http://maps.google.com/maps?f=q&amp;source=s_q&amp;hl=en&amp;geocode=&amp;q=333+South+Hope+Street+Los+Angeles&amp;sll=34.101598,-118.329293&amp;sspn=0.001202,0.001988&amp;ie=UTF8&amp;hq=&amp;hnear=333+S+Hope+St,+Los+Angeles,+California+90071&amp;ll=34.053389,-118.253473&amp;spn=0.002516,0.003975&amp;t=h&amp;z=14&amp;output=embed""></iframe><br /><small><a href=""http://maps.google.com/maps?f=q&amp;source=embed&amp;hl=en&amp;geocode=&amp;q=333+South+Hope+Street+Los+Angeles&amp;sll=34.101598,-118.329293&amp;sspn=0.001202,0.001988&amp;ie=UTF8&amp;hq=&amp;hnear=333+S+Hope+St,+Los+Angeles,+California+90071&amp;ll=34.053389,-118.253473&amp;spn=0.002516,0.003975&amp;t=h&amp;z=14"" style=""color:#0000FF;text-align:left"">View Larger Map</a></small>",,y,commission,removed
1978,Cassini,Civic Arts Complex,"Karralyka Centre, Mines Rd, Ringwood VIC 3134",Ringwood,,Australia,Steel,16 feet,planar,Cassini,cassini,-37.808634,145.24303,"http://maps.google.com/maps?f=q&source=s_q&hl=en&geocode=&q=Karralyka+Centre,+Ringwood,+Victoria,+Australia&sll=-37.823887,145.17746&sspn=0.296683,0.528717&ie=UTF8&hq=Karralyka+Centre,&hnear=Ringwood+Victoria,+Australia&ll=-37.808657,145.24303&spn=0.000557,0.001033&t=h&z=20",y,"<iframe width=""425"" height=""350"" frameborder=""0"" scrolling=""no"" marginheight=""0"" marginwidth=""0"" src=""http://maps.google.com/maps?f=q&amp;source=s_q&amp;hl=en&amp;geocode=&amp;q=Karralyka+Centre,+Ringwood,+Victoria,+Australia&amp;sll=-37.823887,145.17746&amp;sspn=0.296683,0.528717&amp;ie=UTF8&amp;hq=Karralyka+Centre,&amp;hnear=Ringwood+Victoria,+Australia&amp;t=k&amp;ll=-37.808657,145.24303&amp;spn=0.000557,0.001033&amp;output=embed""></iframe><br /><small><a href=""http://maps.google.com/maps?f=q&amp;source=embed&amp;hl=en&amp;geocode=&amp;q=Karralyka+Centre,+Ringwood,+Victoria,+Australia&amp;sll=-37.823887,145.17746&amp;sspn=0.296683,0.528717&amp;ie=UTF8&amp;hq=Karralyka+Centre,&amp;hnear=Ringwood+Victoria,+Australia&amp;t=k&amp;ll=-37.808657,145.24303&amp;spn=0.000557,0.001033"" style=""color:#0000FF;text-align:left"">View Larger Map</a></small>",y,y,commission
1976,Cassini,Homart Corporation,Beacon Harbor Parkway in East Moline,Northbrook,IL,USA,Steel,20 feet,planar,,cassini-il,41.524387,-90.443401,"http://maps.google.com/maps?ll=41.524387,-90.443401&spn=0.000948,0.004238&t=h&z=18&lci=com.panoramio.all&layer=c&cbll=41.524387,-90.443401&cbp=12,0,,0,5&photoid=po-31641378",y,,,y,commission,http://gallery.pictopia.com/qctimes/photo/3453685/#
1968,Cassini,Mr. Rufus Stillman,,Torrington,CT,USA,Marble,6 Feet,solid,cassini_marble,cassini-marble,,,"http://maps.google.com/maps?f=q&source=s_q&hl=en&geocode=&q=torrington&sll=37.0625,-95.677068&sspn=38.008397,69.960938&ie=UTF8&hq=&hnear=Torrington,+Litchfield,+Connecticut&ll=41.829649,-73.104465&spn=0.008746,0.01708&z=16",n,,,?,commission
2010,Cassini,Mende Residence,,Hamilton Island,Great Barrier Reef,Australia,Aluminum,4 Feet,planar,,cassini-mende,,,,,,,???,collector
1975,Cassini,Perry Residence,,Norwalk,CT,USA,Steel,4 feet,planar,CassiniP,cassini-perry,,,,,,y,?,collector
1970,Cassini,University of Michigan <br> Museum of Art,Alumni Memorial Hall 525 South State Street,Ann Arbor,MI,USA,Plexiglas,1 foot,solid,cassini_plexiglass,cassini-plexiglas,42.275408,-83.739896,"http://maps.google.com/maps?f=q&source=s_q&hl=en&geocode=&q=525+South+State+Street,+Ann+Arbor,+MI&sll=37.0625,-95.677068&sspn=37.598824,66.181641&ie=UTF8&hq=&hnear=525+S+State+St,+Ann+Arbor,+Washtenaw,+Michigan+48109&t=h&ll=42.275479,-83.739786&spn=0.001078,0.002229&z=19",n,,,,collector,"http://siris-artinventories.si.edu/ipac20/ipac.jsp?session=128H107K40777.20309&profile=ariall&source=~!siartinventories&view=subscriptionsummary&uri=full=3100001~!850~!0&ri=2&aspect=Browse&menu=search&ipp=20&spp=20&staffonly=&term=Perry,+Charles+O.,+1929-+,+sculptor.&index=AUTHOR&uindex=&aspect=Browse&menu=search&ri=2"
1964,Cassini II,Mr. Harry Hunt,,San Francisco,CA,USA,Wood,2 Feet,solid,cassini_wood,cassini-wood,,,,,,,?,collector
2005,Colliding Galaxies,Perry Residence,,Norwalk,CT,USA,Bronze,2 Feet,topological,,colliding-galaxies,,,,,,,,collector,check the date
1991,Color Shaft,Taubman Corp.,Sunvalley Mall,Concord,CA,USA,Aluminum,30 Feet,solid,,color-shaft,37.96868,-122.06133,"http://maps.google.com/maps?hl=en&q=sunvalley+shopping+center&ie=UTF8&hq=Sun+Valley+Shopping+Center&hnear=Sun+Valley+Shopping+Center,+Concord,+Contra+Costa,+California+94520&ll=37.96763,-122.061388&spn=0.004441,0.012413&t=h&z=17",n,,,n,commission,indoors
1969,Condottieri,Oakland Museum,1000 Oak Street,Okland,CA,USA,Bronze,1 Foot,topological,,condottieri,,,,,,,,collector,"http://siris-artinventories.si.edu/ipac20/ipac.jsp?session=128H107K40777.20309&profile=ariall&source=~!siartinventories&view=subscriptionsummary&uri=full=3100001~!3384~!9&ri=2&aspect=Browse&menu=search&ipp=20&spp=20&staffonly=&term=Perry,+Charles+O.,+1929-+,+sculptor.&index=AUTHOR&uindex=&aspect=Browse&menu=search&ri=2"
1991,Conic Madrigal,I.K.J.V.,5 Milligan St,Perth,WA,Australia,Aluminum,28 feet,planar,conic_madrigal,conic-madrigal,-31.952596,115.851057,"http://maps.google.com/maps?f=q&source=s_q&hl=en&geocode=&q=Milligan+Street,+Perth,+Western+Australia,+Australia&sll=-31.954074,115.857439&sspn=0.009285,0.016415&ie=UTF8&hq=&hnear=Milligan+St,+Perth+Western+Australia+6000,+Australia&ll=-31.952553,115.85131&spn=0.00058,0.001026&t=h&z=20&layer=c&cbll=-31.952634,115.851274&panoid=8xLiG38ap-1lzfFTFuWH0Q&cbp=12,264.25,,0,-2.54",y,,y,y,commission,http://www.flickr.com/photos/geoffrey-liau/4601247132/lightbox/
1999,Conquilla,Gray Residence,,Norwalk,CT,USA,Bronze,1 foot,ribbed,,conquilla,,,,,,y,y,collector,check date
1996,Conquilla,Perry Residence,,Norwalk,CT,USA,Bronze,1 foot,ribbed,ConquillaP,conquilla-perry,,,,,,y,y,collector
1966,Conquistador,Addison Gallery,,Andover,MA,USA,Bronze,2 Feet,topological,,conquistador,,,,,,,???,collector
1976,Continuum,National Air & Space Museum,"114 John St,",Washington,D.C.,USA,Bronze,16 Feet,topological,Continuum,continuum,38.887782,-77.0198,"http://maps.google.com/maps?f=q&source=s_q&hl=en&geocode=&q=air+and+space+museum,+washington,+dc&sll=41.179849,-71.564823&sspn=0.005636,0.01089&ie=UTF8&hq=air+and+space+museum,&hnear=Washington,+District+of+Columbia&ll=38.887567,-77.019793&spn=0.00562,0.01089&t=h&z=17&layer=c&cbll=38.887568,-77.019905&panoid=sEx3iAI5_g9GYFWML6RGTA&cbp=12,351.23,,0,-11.92",y,,y,???,commission
1986,Continuum II,Marina Center Holdings,6 Raffles Boulevard,Singapore,,Singapore,Bronze,6 Feet,topological,TripleKnot,continuum-2,1.291195,103.857563,"http://maps.google.com/maps?f=q&source=s_q&hl=en&geocode=&q=Marina+Square,+6+Raffles+Boulevard,+Singapore+039594&sll=37.0625,-95.677068&sspn=36.231745,74.355469&ie=UTF8&hq=Marina+Square&hnear=Marina+Square,+6+Raffles+Blvd,+Singapore,+039594&ll=1.290658,103.858708&spn=0.001408,0.002269&t=h&z=19",n,,y,y,commission,http://www.schoppert.net/pas/record0046.html
1972,Cruciform,Equitable Life,10 South Broadway,St. Louis,MO,USA,Chrome,6 Feet,ribbed,,cruciform,38.624754,-90.189978,"http://maps.google.com/maps?f=q&source=s_q&hl=en&geocode=&q=10+South+Broadway+St.+Louis,+Missouri&sll=38.639936,-90.22522&sspn=0.290153,0.517044&g=St.+Louis,+Missouri&ie=UTF8&hq=&hnear=10+S+Broadway,+St+Louis,+Missouri+63102&ll=38.624595,-90.189632&spn=0.001142,0.00202&t=k&z=19",n,,,?,commission,"taken down, in lobby of E."
1974,Cruciform,Dartmouth College Hood Museum of Art ,,Hanover,NH,USA,Brass,4 Feet,topological,,cruciform-dartmouth,43.701656,-72.287545,"http://maps.google.com/maps?num=100&hl=en&q=hood+museum+address&ie=UTF8&hq=Hood+Museum+of+Art&hnear=Hood+Museum+of+Art,+6068+Blunt+Alumni+Center,+Hanover,+New+Hampshire+03755-3548&ll=43.701747,-72.287451&spn=0.001001,0.00202&t=h&z=19",n,,,,collector,"http://siris-artinventories.si.edu/ipac20/ipac.jsp?session=128H107K40777.20309&profile=ariall&source=~!siartinventories&view=subscriptionsummary&uri=full=3100001~!2869~!7&ri=2&aspect=Browse&menu=search&ipp=20&spp=20&staffonly=&term=Perry,+Charles+O.,+1929-+,+sculptor.&index=AUTHOR&uindex=&aspect=Browse&menu=search&ri=2"
1979,Cube Octa,Taubman Corporation,Stoneridge Mall,Pleasanton,CA,USA,Aluminum,20 feet,ribbed,,cube-octa,37.695269,-121.928855,"http://maps.google.com/maps?f=q&source=s_q&hl=en&geocode=&q=Stoneridge+Mall,+Pleasanton,+CA&sll=37.0625,-95.677068&sspn=36.231745,69.609375&ie=UTF8&hq=&hnear=Stoneridge+Mall,+Pleasanton,+California&ll=37.694913,-121.928689&spn=0.002212,0.004249&t=h&z=18",n,,,n,commission
1975,D<sub>2</sub>d,Dartmouth College,Fayerweather Hill Rd,Hanover,NH,USA,Bronze,10 feet,topological,D2D,d2d,43.705399,-72.286941,"http://maps.google.com/maps?ll=43.705399,-72.286941&spn=0.00046,0.002199&t=h&z=19&lci=com.panoramio.all&layer=c&cbll=43.705326,-72.286814&panoid=aH7dQVITGje6KdSj2RY9jQ&cbp=12,60.83,,0,0.72",y,,y,???,commission
1976,Da Vinci,Homart Corporation,,Northbrook,IL,USA,Steel,24 Feet,planar,davinci,davinci,,,,,,,???,commission,destroyed
2007,Daniela,Carter Residence,,Westport,CT,USA,Bronze,2 Feet,topological,daniela,daniela,,,,,,,y,collector
1968,Dodeca,Manufacters Hanover Bank,,New York,NY,USA,Aluminum,3 feet,planar,,dodeca,,,,,,,???,commission
1984,Double Helix,Merritt 7 Building # 3,,Norwalk,CT,USA,Stainless Steel,20 feet,ribbed,,double-helix,,,,,,,y,commission
1992,Double Knot,Interstate North Associates,,Atlanta,GA,USA,Bronze,3 Feet,topological,,double-knot-2,,,,,,y,y,commission
1992,Double Knot,The O'Connor Group,,White Plains,NY,USA,Bronze,6 Feet,topological,,double-knot-6,,,,,,y,y,commission
1991,Double Knot,Masco Corp.,21001 Van Born Rd,Taylor,MI,USA,Bronze,17 feet,topological,DoubleKnotMasco,bouble-knot-masco,42.2676065,-83.241956,"http://maps.google.com/maps?f=q&source=s_q&hl=en&geocode=&q=Masco+Corporation,+Taylor,+MI&sll=42.239194,-83.269672&sspn=0.071042,0.143166&g=Taylor,+MI&ie=UTF8&hq=Masco+Corporation,&hnear=Taylor,+Wayne,+Michigan&ll=42.267631,-83.241193&spn=0.002136,0.004474&t=k&z=18",y,,y,y,collector
1976,Double Knot I,Harvard Business School,,Cambridge,MA,USA,Bronze,3 Feet,topological,,double-knot-3,42.3674563,-71.12287,"http://maps.google.com/maps?hl=en&q=harvard+business+school+&ie=UTF8&hq=Harvard+Business+School&hnear=Harvard+Business+School,+Boston,+Suffolk,+Massachusetts+02163&ll=42.367448,-71.123321&spn=0.00112,0.001923&t=h&z=19",n,,y,???,commission
1967,Double Knot I,Harry Seidler Residence,,Sydney,,Australia,Bronze,3 Feet,topological,DoubleKnot,double-knot-seidler,,,,,,y,y,commission
1974,Double Knot I,University of South Carolina,Robert E. Penland Administration and Classroom Building,Aiken,SC,USA,Bronze,3 feet,topological,,double-knot-1,33.573379,-81.766827,"http://maps.google.com/maps?ll=33.573363,-81.766851&spn=0.000631,0.001041&t=h&z=20&lci=com.panoramio.all",y,,y,???,collector,Located in the open courtyard of the Robert E. Penland Administration and Classroom Building
1992,Double Knot II,Seven Bridges Foundation,,Greenwich,CT,USA,Bronze,3 feet,topological,,double-knot-4,,,,,,,y,commission
2010,Double Knot II,Horrigan Residence,,Norwalk,CT,USA,Bronze,3 Feet,topological,,double-knot-5,,,,,,,get,collector
2009,Double Knot II,Ponti Residence,,Wyck Rissington,Cheltenham,UK,Bronze,3 Feet,topological,,double-knot-ponti,,,,,,,n,collector
1992,Double Knot II,Cassani Residence,,Uitikon,,Switzerland,Bronze,3 Feet,topological,,double-knot-6,47.37031,8.45398,"http://maps.google.com/maps?f=q&source=s_q&hl=en&geocode=&q=Uitikon,+Switzerland&sll=51.499446,-0.130978&sspn=0.030029,0.066261&ie=UTF8&hq=&hnear=Uitikon,+Dietikon,+Canton+of+Z%C3%BCrich,+Switzerland&ll=47.370716,8.449602&spn=0.016334,0.033131&t=h&z=15",n,,y,n,collector
1992,Double Knot II,Perry Residence,,Norwalk,CT,USA,Bronze,3 Feet,topological,,double-knot-7,,,,,,,y,collector
1990,Double Ribbed Mace,Thermatool,31 Commerce St,East Haven,CT,USA,Stainless Steel,12 feet,ribbed,,double-ribbed-mace,41.249508,-72.884537,"http://maps.google.com/maps?f=q&source=s_q&hl=en&geocode=&q=Thermatool+Corporation,+East+Haven,+New+Haven,+CT&sll=24.669175,46.716995&sspn=0.002745,0.004131&ie=UTF8&hq=Thermatool+Corporation,&hnear=East+Haven,+New+Haven,+Connecticut&ll=41.249429,-72.884519&spn=0.001135,0.002065&t=h&z=19",y,,,n,commission
1994,Dual Universe,Shell Plaza,"50 Raffles Place, Battery Road",Singapore,Singapore,Singapore,Bronze,17 feet,topological,DualUni,dual-universe,1.285065,103.851896,"http://maps.google.com/maps?f=q&source=s_q&hl=en&geocode=&q=Raffles+Place+Singapore&sll=1.443662,103.791514&sspn=0.001453,0.003004&ie=UTF8&hq=&hnear=Raffles+Place,+Singapore,+048618&ll=1.285019,103.851662&spn=0.002928,0.006008&t=h&z=18&layer=c&cbll=1.285074,103.851754&panoid=ot8arl9OcEDD0A6-GZ_b4A&cbp=12,146.19,,0,-0.43",y,,,y,commission,"http://maps.google.com/maps?f=q&source=s_q&hl=en&geocode=&q=Raffles+Place+Singapore&sll=1.443662,103.791514&sspn=0.001453,0.003004&ie=UTF8&hq=&hnear=Raffles+Place,+Singapore,+048618&ll=1.284987,103.85093&spn=0.001464,0.003004&t=h&z=19&layer=c&cbll=1.284997,103.850834&panoid=CDOc3_G_ryYVZ3tQtIbe-A&cbp=12,111.01728899999996,,0,0&photoid=po-37632590"
1990,Duality,Barnett Center,50 North Laura Street,Jacksonville,FL,USA,Bronze,8 Feet,topological,DualityBarr,duality-barnett,30.326916,-81.65965,"http://maps.google.com/maps?hl=en&ie=UTF8&ll=30.326923,-81.660017&spn=0.001301,0.00283&t=h&z=19",n,,y,y,commission
1986,Duality,Pugh Residence,,Greenwich,CT,USA,Bronze,3 feet,topological,Duality,duality,,,,,,y,y,commission
1981,Duality,Interstate North Associates,,Atlanta,GA,USA,Bronze,6 Feet,topological,,duality-atl,,,,,,y,n,commission
2010,Duality,Mr. And Mrs. Klaffky,,Norwalk,CT,USA,Bronze,3 Feet,topological,,duality-klaffky,,,,,,,get,collector
1971,Early Mace,Peachtree Center,"Sun Trust Plaza, 303 Peachtree St NE",Atlanta,GA,USA,Stainless Steel,12 feet,ribbed,early-mace,early-mace,33.763018,-84.386845,"http://maps.google.com/maps?f=q&source=s_q&hl=en&sll=33.763112,-84.387338&sspn=0.002453,0.004163&gl=us&ie=UTF8&split=1&rq=1&ev=zi&radius=0.14&hq=Ritz-Carlton&hnear=&ll=33.763039,-84.386919&spn=0.00111,0.004163&z=18&layer=c&cbll=33.763039,-84.386919&panoid=0GmUEvFAK8xhZvZRVLsfKQ&cbp=12,103.23281099999997,,0,0&photoid=po-40745185",y,,y,???,commission,"3rd commision, outdoors"
1973,Eclipse,Hyatt Regency Hotel <br> Embarcadero Center,5 Embarcadero Center,San Francisco,CA,USA,Aluminum,35 feet,ribbed,Eclipse,eclipse,37.794279,-122.395814,"http://maps.google.com/maps?f=q&source=s_q&hl=en&geocode=&q=5+Embarcadero+Center&sll=37.799095,-122.398486&sspn=0.001193,0.002065&ie=UTF8&hq=&hnear=5+The+Embarcadero,+San+Francisco,+California+94111&ll=37.794201,-122.395801&spn=0.001246,0.002065&t=h&z=19",n,,y,???,commission,http://www.flickr.com/photos/thomashawk/484297436/lightbox/
1976,Ellipsoid,Ministry of Defense and Air,,Riyadh,,Saudi Arabia,Stainless Steel,12 Feet,planar,,ellipsoid,24.668927,46.71614,"http://maps.google.com/maps?f=q&source=s_q&hl=en&geocode=&q=Riyadh,+Saudi+Arabia+ministry+of+defense&sll=24.71008,46.649742&sspn=0.175592,0.264359&ie=UTF8&hq=ministry+of+defense&hnear=Riyadh,+Ar+Riyad+Saudi+Arabia&ll=24.669175,46.716995&spn=0.002745,0.004131&t=h&z=18",n,,,???,commission
1964,Ellipsoid VI,Fulton Mall,,Fresno,CA,USA,Brass,6 Feet,planar,ellipsoid6-2,ellipsoid6,36.733232,-119.788663,"http://maps.google.com/maps?f=q&source=s_q&hl=en&geocode=&q=Fulton+Mall,+Fresno,+CA&sll=37.0625,-95.677068&sspn=38.963048,66.445312&ie=UTF8&hq=&hnear=Fulton+Mall,+Fresno,+California+93721&ll=36.733276,-119.788541&spn=0.004824,0.012199&t=h&z=17&layer=c&cbll=36.73331,-119.788493&panoid=9DTD2y7y8lmSEts5PYoiPA&cbp=12,236.55,,0,2.36",y,,,???,commission,http://www.downtownfresno.org/publicart.html
1981,Enigma,Lynnhaven Mall,,Virginia Beach,VA,USA,Steel,20 Feet,planar,Enigma,enigma-20,,,,,,y,n,commission,destroyed
1981,Enigma, World Savings and Loan Association,1970 Broadway,Oakland,CA,USA,Aluminum,3 feet,planar,,enigma-2,37.808811,-122.26821,"http://maps.google.com/maps?f=q&source=s_q&hl=en&geocode=&q=1970+Broadway+Oakland,+CA+94612&sll=37.0625,-95.677068&sspn=38.826758,67.587891&ie=UTF8&hq=&hnear=1970+Broadway,+Oakland,+Alameda,+California+94612&ll=37.808975,-122.268337&spn=0.000844,0.001031&t=h&z=20&layer=c&cbll=37.80887,-122.26829&panoid=QpK3o-kzFpZThImEavMBXA&cbp=12,116.35,,0,-9.34",n,,,,commission
1981,Enigma, World Savings and Loan Association,,Fresno,CA,USA,Aluminum,3 feet,planar,,enigma-3,,,,,,,,commission
1981,Enigma, World Savings and Loan Association, 6402 E. Spring St.,Long Beach,CA,USA,Aluminum,3 feet,planar,,enigma-4,,,,,,,,commission
1981,Enigma, World Savings and Loan Association,7616 Girard Ave.,La Jolla,CA,USA,Aluminum,3 feet,planar,,enigma-5,,,,,,,,commission
1981,Enigma, World Savings and Loan Association,5500 Folsom Blvd.,Sacramento,CA,USA,Aluminum,3 feet,planar,,enigma-6,,,,,,,,commission
1981,Enigma, World Savings and Loan Association,,Modesto,CA,USA,Aluminum,3 feet,planar,,enigma-7,,,,,,,,commission
1981,Enigma, World Savings and Loan Association,"12501 Seal Beach Blvd., #150",Seal Beach,CA,USA,Aluminum,3 feet,planar,,enigma-8,,,,,,,,commission
1981,Enigma, World Savings and Loan Association, 2950 El Camino Real,San Mateo,CA,USA,Aluminum,3 feet,planar,,enigma-9,,,,,,,,commission
1981,Enigma, World Savings and Loan Association,,Wichita,KS,USA,Aluminum,3 feet,planar,,enigma-10,,,,,,,,commission
1981,Enigma, World Savings and Loan Association, 205a N. Moorpark Rd,Thousand Oaks,CA,USA,Aluminum,3 feet,planar,,enigma-11,,,,,,,,commission
1981,Enigma, World Savings and Loan Association,,,CA,USA,Aluminum,3 feet,planar,,enigma-12,,,,,,,,commission
1980,Enigma, World Savings and Loan Association,,Los Angeles,CA,USA,Aluminum,6 Feet,planar,,enigma-1,,,,,,y,n,commission,12 pieces
1981,Equation,Lynnhaven Mall,,Virginia Beach,VA,USA,Aluminum,20 feet,ribbed,,equation,,,,,,,n,commission,destroyed
1982,Equinox,Lincoln Centre,12893 Inwood Rd E,Dallas,TX,USA,Stainless Steel,45 feet,ribbed,Equinox,equinox,32.92367,-96.81766,"http://maps.google.com/maps?f=q&source=s_q&hl=en&q=Lincoln+Centre&sll=32.923665,-96.817684&sspn=0.000634,0.001076&ie=UTF8&t=h&split=1&rq=1&ev=zi&radius=0.04&hq=Lincoln+Centre&hnear=&ll=32.923741,-96.817647&spn=0.000606,0.001076&z=20",y,,y,y,commission
1967,Flower Dance,City of San Francisco,,San Francisco,CA,USA,Bronze,3 feet,topological,,flower-dance,,,,,,,???,commission
2004,Four Orbits,Oklahoma City,1001 Wilshire,Oklahoma City,OK,USA,Bronze,11 Feet,topological,oklahoma,four-orbits,35.5513832,-97.5309985,"http://maps.google.com/maps?f=q&source=s_q&hl=en&geocode=&q=1001+Wilshire+oklahoma&sll=37.0625,-95.677068&sspn=36.231745,69.433594&ie=UTF8&hq=&hnear=1001+W+Wilshire+Blvd,+Oklahoma+City,+Oklahoma,+73114&ll=35.551107,-97.531095&spn=0.000402,0.00053&t=h&z=21&layer=c&cbll=35.551107,-97.531095&panoid=n5xPFv3QGkdZ9VCmobwaiQ&cbp=12,4.76,,1,4.18",y,,y,???,commission
2000,Four Rings,Keegan Residence,,Greenwich,CT,USA,Bronze,8 Feet,topological,,four-rings,,,,,,,n,commission
1986,Galaxy,Perry Residence,,Norwalk,CT,USA,Bronze,46'' diameter,ribbed,galaxy,galaxy,,,,,,y,y,collector
2006,Gordian Knot,Hodgeman Residence,,Southport,CT,USA,Bronze,2 Feet,topological,Gordian,gordian-knot-2,,,,,,,y,collector
2005,Gordian Knot,Copelin Residence,,Madison,CT,USA,Bronze,2 Feet,topological,,gordian-knot,,,,,,,,collector
2005,Gordian Knot,Perry Residence,,Norwalk,CT,USA,Bronze,2 Feet,topological,GordianP,gordian-knot-perry,,,,,,,y,collector
1984,Hamilton Fountain,Hamilton Residence,,Columbus,IN,USA,Bronze,1.5 feet,topological,HamiltonFountain,hamilton-fountain,,,,,,y,n,commission
1985,Hanging Double Helix,Merritt 7 Building # 3,,Norwalk,CT,USA,Stainless Steel,24 feet,ribbed,DoubleHelixM,hanging-double-helix,,,,,,y,y,commission
1980,Hanging Fans I,Merritt 7 Building # 1,,Norwalk,CT,USA,Brass,20 feet,ribbed,,hanging-fans-1,,,,,,,n,commission,destroyed
1982,Hanging Fans II,Merritt 7 Building # 2,,Norwalk,CT,USA,Brass,25 feet,ribbed,,hanging-fans-2,,,,,,,y,commission,not there
1982,Hanging Star,Woodbine Development Corp. <br> Continental Plaza,777 Main St.,Fort Worth,TX,USA,Aluminum,25 feet,ribbed,,hanging-star,32.752721,-97.330131,"http://maps.google.com/maps?f=q&source=s_q&hl=en&q=Carter+Burgess+Plaza,&sll=32.752799,-97.329952&sspn=0.001178,0.002065&ie=UTF8&t=h&split=1&rq=1&ev=zi&radius=0.07&hq=Carter+Burgess+Plaza,&hnear=&ll=32.752827,-97.330035&spn=0.001182,0.003221&z=19&layer=c&cbll=32.752772,-97.330001&panoid=MLhOR-dR0jCy86TXA4KyKQ&cbp=12,251.66,,0,-6.99",n,,,n,commission,"inside, not sure it's there"
1990,Harmony,Bushnell Park,69 Jewell Street,Hartford,CT,USA,Stainless Steel,12 feet,ribbed,Harmony,harmony,41.765062,-72.678552,"http://maps.google.com/maps?f=q&source=s_q&hl=en&geocode=&q=Bushnell+Park,+Hartford,+CT&sll=37.0625,-95.677068&sspn=40.817312,67.675781&ie=UTF8&hq=Bushnell+Park&hnear=Bushnell+Park,+Hartford,+Connecticut+06103&t=h&layer=c&cbll=41.765328,-72.67846&panoid=4A0tsoLAw2sIllWEuBN-7Q&cbp=12,252.166519,,0,0&ll=41.765328,-72.678973&spn=0.00115,0.003117&z=19&photoid=fr-2746657533",y,,y,y,commission
1979,Helix Mace,Perry Residence,,Norwalk,CT,USA,Bronze,2 feet,topological,HelixMP,helix-mace,,,,,,,y,collector
2000,Helix Mobius Mace,Seven Bridges Foundation,,Greenwich,CT,USA,Bronze,2 Feet,topological,,helix-mobius-mace-2,,,,,,,y,commission
1988,Helix Mobius Mace,Crystal City,23rd & Crystal Drive South,Arlington,VA,USA,Bronze,6 Feet,topological,,helix-mobius-mace-6,38.853021,-77.049297,"http://maps.google.com/maps?hl=en&ie=UTF8&ll=38.853048,-77.049239&spn=0.000574,0.001041&t=h&z=20&layer=c&cbll=38.853214,-77.049552&panoid=CGukF1uck4CyFwm_4yex6A&cbp=12,165.3645059999999,,0,0&photoid=po-40287269",y,,,y,commission
2009,Helix Mobius Mace,Dawson Residence,,Norwalk,CT,USA,Bronze,1 Foot,topological,,helix-mobius-mace-1,,,,,,,n,collector
2004,Helix Mobius Mace,Durno Residence,,Westport,CT,USA,Bronze,2 Feet,topological,,helix-mobius-mace-3,,,,,,,get,collector
1981,Hovering,IBM University Research Park,8501 IBM Dr,Charlotte,NC,USA,Aluminum,25 feet,planar,Hovering,hovering,35.308957,-80.767464,"http://maps.google.com/maps?f=q&source=s_q&hl=en&geocode=&q=IBM,+charlotte+nc&sll=35.278418,-80.80204&sspn=0.150787,0.288734&ie=UTF8&hq=IBM,&hnear=Charlotte,+Mecklenburg,+North+Carolina&ll=35.308892,-80.767096&spn=0.001186,0.002256&t=h&z=19",y,,y,y,commission
1998,Hyperbolic Ribbed Mace,Merritt 7 Building # 4,401 Main St,Norwalk,CT,USA,Stainless Steel,12 feet,ribbed,ribbedmace,hyperbolic-ribbed-mace,41.148066,-73.427078,"http://maps.google.com/maps?f=q&source=s_q&hl=en&geocode=&q=401+Main+Street,+Norwalk,+CT&sll=41.147997,-73.427025&sspn=0.001129,0.002063&gl=us&g=301+Main+St,+Norwalk,+Fairfield,+Connecticut+06851&ie=UTF8&hq=&hnear=401+Main+St,+Norwalk,+Fairfield,+Connecticut+06851&ll=41.14807,-73.427069&spn=0.000565,0.001031&t=h&z=20",y,,y,y,commission
1987,Hyperbolic Ribbed Mace II,Linclay Corp.,"400 Metro Place North,",Dublin,OH,USA,Stainless Steel,12 feet,ribbed,,hyperbolic-ribbed-mace-2,40.096077,-83.127497,"http://maps.google.com/maps?f=q&source=s_q&hl=en&geocode=&q=400+Metro+Place+North,++Dublin,+Ohio+&sll=40.101029,-82.948499&sspn=0.002322,0.004528&gl=us&ie=UTF8&hq=&hnear=400+Metro+Pl+N,+Dublin,+Franklin,+Ohio+43017&ll=40.095822,-83.127767&spn=0.000261,0.001132&t=h&z=20&lci=com.panoramio.all&layer=c&cbll=40.095822,-83.127768&panoid=xe3hYDu7phdIBUY8P6b8mA&cbp=12,40.05,,0,-4.72",y,"<iframe width=""425"" height=""350"" frameborder=""0"" scrolling=""no"" marginheight=""0"" marginwidth=""0"" src=""http://maps.google.com/maps?hl=en&amp;gl=us&amp;ie=UTF8&amp;ll=40.095851,-83.128003&amp;spn=0.002306,0.004528&amp;z=18&amp;layer=c&amp;cbll=40.095822,-83.127768&amp;panoid=xe3hYDu7phdIBUY8P6b8mA&amp;cbp=12,34.5,,0,-5.77&amp;source=embed&amp;output=svembed""></iframe><br /><small><a href=""http://maps.google.com/maps?hl=en&amp;gl=us&amp;ie=UTF8&amp;ll=40.095851,-83.128003&amp;spn=0.002306,0.004528&amp;z=18&amp;layer=c&amp;cbll=40.095822,-83.127768&amp;panoid=xe3hYDu7phdIBUY8P6b8mA&amp;cbp=12,34.5,,0,-5.77&amp;source=embed"" style=""color:#0000FF;text-align:left"">View Larger Map</a></small>",,n,commission,is this hyberbolic mace?
1966,Icosaspirale,Alcoa Building,1 Maritime Plaza,San Francisco,CA,USA,Brass,8 Feet,ribbed,Icosaspirale,icosaspirale,37.795319,-122.399596,"http://maps.google.com/maps?f=q&source=s_q&hl=en&geocode=&q=%091+Maritime+Plaza,+san+francisco+ca&sll=37.795479,-122.402909&sspn=0.002281,0.004511&ie=UTF8&hq=&hnear=1+Maritime+Plaza,+San+Francisco,+California+94111&t=h&ll=37.795086,-122.39971&spn=0.000617,0.000932&z=20&layer=c&cbll=37.795103,-122.3996&panoid=aZ5PDMIM3haB796ITss39Q&cbp=12,40.07490100000001,,0,-43.151707&photoid=fr-3221066285",y,"<iframe width=""425"" height=""350"" frameborder=""0"" scrolling=""no"" marginheight=""0"" marginwidth=""0"" src=""http://maps.google.com/maps?f=q&amp;source=s_q&amp;hl=en&amp;geocode=&amp;q=%091+Maritime+Plaza,+san+francisco+ca&amp;sll=37.795479,-122.402909&amp;sspn=0.002281,0.004511&amp;ie=UTF8&amp;hq=&amp;hnear=1+Maritime+Plaza,+San+Francisco,+California+94111&amp;t=h&amp;ll=37.795254,-122.399575&amp;spn=0.000595,0.000932&amp;z=14&amp;output=embed""></iframe><br /><small><a href=""http://maps.google.com/maps?f=q&amp;source=embed&amp;hl=en&amp;geocode=&amp;q=%091+Maritime+Plaza,+san+francisco+ca&amp;sll=37.795479,-122.402909&amp;sspn=0.002281,0.004511&amp;ie=UTF8&amp;hq=&amp;hnear=1+Maritime+Plaza,+San+Francisco,+California+94111&amp;t=h&amp;ll=37.795254,-122.399575&amp;spn=0.000595,0.000932&amp;z=14"" style=""color:#0000FF;text-align:left"">View Larger Map</a></small>",,?,commission,http://www.flickr.com/photos/sixybeast/4557183674/
1995,Indiana Arc,Indiana U. Museum of Art,1133 E 7th St,Bloomington,IN,USA,Aluminum,21 feet,planar,indiana-arc,indiana-arc,39.168745,-86.520038,"http://maps.google.com/maps?f=q&source=s_q&hl=en&geocode=&q=Indiana+U.+Museum+of+Art+,+indiana&sll=35.308896,-80.767096&sspn=0.001178,0.002256&ie=UTF8&hq=Indiana+U.+Museum+of&hnear=Art,+Clay,+Indiana&ll=39.168604,-86.520231&spn=0.002238,0.004511&t=h&z=18&layer=c&cbll=39.168604,-86.520231&cbp=12,0,,0,5&photoid=po-1193080",y,,y,y,commission
2005,Infinity,Perry Residence,,Norwalk,CT,USA,Bronze,2 Feet,topological,infinity,infinity,,,,,,,,collector,check the date
1983,Intersection,Computer Sciences Corporation,2100 E Grand Ave,El Segundo,CA,USA,Aluminum,7 feet,planar,intersection,intersection,33.918913,-118.390469,"http://maps.google.com/maps?f=q&source=s_q&hl=en&geocode=&q=Computer+Science+Corp,+El+Segundo+cA&sll=37.0625,-95.677068&sspn=39.099308,73.916016&ie=UTF8&hq=Computer+Science+Corp,&hnear=El+Segundo,+Los+Angeles,+California&ll=33.918884,-118.390625&spn=0.00027,0.001128&t=h&z=20&layer=c&cbll=33.918965,-118.390789&panoid=yZ4UvUHsIfsB8tZIu9M6tw&cbp=11,84.58,,0,-8.38",y,,y,y,commission
1989,Kinetic Tetrahedra,The Lynmark Group,2 Executive Blvd ,Suffern,NY,USA,Stainless Steel,20 feet,ribbed,kinetic_tetrahedra,kinetic-tetrahedra,41.119627,-74.116741,"http://maps.google.com/maps?f=q&source=s_q&hl=en&geocode=&q=Holiday+Inn+Hotel+Suffern,+Suffern,+NY&sll=41.116607,-74.15573&sspn=0.004446,0.012413&ie=UTF8&hq=Holiday+Inn+Hotel+Suffern,&hnear=Suffern,+Rockland,+New+York&ll=41.119648,-74.11674&spn=0.000534,0.001041&t=h&z=20",y,,,y,commission
1973,Left Wing,Security Pacific Bank,,Riverside,CA,USA,Stainless Steel,15 feet,ribbed,,left-wing,,,,,,,?,commission,don't know where it is
1999,Mace,Perry Residence,,Norwalk,CT,USA,Bronze,7 feet,solid,MaceP,mace-perry,,,,,,y,y,collector
1976,Mace,American Academy in Rome,,Rome,,Italy,Bronze,1 Foot,solid,,mace,,,,,,,,collector
1976,Mercator,Homart Corporation,,Northbrook,IL,USA,Bronze,10 feet,ribbed,,mercator-1,,,,,,y,???,commission,destroyed
1975,Mercator,Theatre Royal,19 Martin Place,Sydney,,Australia,Brass,10 feet,ribbed,Mercator,mercator-2,-33.86838,151.209421,"http://maps.google.com/maps?f=q&source=s_q&hl=en&geocode=&q=19+Martin+Place,+Sydney,+New+South+Wales,+Australia&sll=-33.882387,151.217355&sspn=0.004445,0.008937&gl=us&ie=UTF8&hq=&hnear=19+Martin+Pl,+Sydney+New+South+Wales+2000,+Australia&ll=-33.868449,151.209249&spn=0.001167,0.002234&t=h&z=19",n,,,???,commission
1976,Mercator,Starr Residence,,,,France,Brass,2 Feet,ribbed,,mercator-3,,,,,,,,collector
2005,Nespoli,Godfrey Residence,,Westport,CT,USA,Bronze,1 Foot,topological,,nespoli-1,,,,,,,,collector
2005,Nespoli,Matassoni Residence,,New Cannan,CT,USA,Bronze,7 Feet,topological,nespoli,nespoli-2,,,,,,y,,collector,infinity
1965,Night Flight,Mr. Marcel Breuer,,New York,NY,USA,Bronze,1 Foot,planar,,night-flight-1,,,,,,,???,collector
1965,Night Flight,Mr. Jack Opperman,,San Francisco,CA,USA,Bronze,1 Foot,planar,,night-flight-2,,,,,,,???,collector
1968,Octaform,Torin Corporation,,Torrington,CT,USA,Aluminum,10 feet,ribbed,,octaform-10,,,,,,,???,commission,destroyed
1968,Octaform,Bank of California,420 California Street,San Francisco,CA,USA,Brass,3 feet,ribbed,,octaform-1,,,"http://maps.google.com/maps?f=q&source=s_q&hl=en&geocode=&q=420+California+Street+san+francisco&sll=37.755583,-122.402372&sspn=0.03488,0.071325&ie=UTF8&hq=&hnear=420+California+St,+San+Francisco,+California+94104&ll=37.792993,-122.401491&spn=0.000571,0.001114&t=h&z=20&layer=c&cbll=37.793007,-122.401361&panoid=m_crgMEVV36H1wmxsWZhBg&cbp=12,305.095689,,0,-12.187381&photoid=fr-4475201281",n,,,???,commission,"http://siris-artinventories.si.edu/ipac20/ipac.jsp?session=128H107K40777.20309&profile=ariall&source=~!siartinventories&view=subscriptionsummary&uri=full=3100001~!365175~!3&ri=2&aspect=Browse&menu=search&ipp=20&spp=20&staffonly=&term=Perry,+Charles+O.,+1929-+,+sculptor.&index=AUTHOR&uindex=&aspect=Browse&menu=search&ri=2"
1974,Octaform,Dartmouth College <br> Hood Museum of Art ,,Hanover,NH,USA,Brass,3 feet,topological,,octaform-4,43.701656,-72.287545,"http://maps.google.com/maps?num=100&hl=en&q=hood+museum+address&ie=UTF8&hq=Hood+Museum+of+Art&hnear=Hood+Museum+of+Art,+6068+Blunt+Alumni+Center,+Hanover,+New+Hampshire+03755-3548&ll=43.701747,-72.287451&spn=0.001001,0.00202&t=h&z=19",n,,,,collector,"http://siris-artinventories.si.edu/ipac20/ipac.jsp?session=128H107K40777.20309&profile=ariall&source=~!siartinventories&view=subscriptionsummary&uri=full=3100001~!2869~!7&ri=2&aspect=Browse&menu=search&ipp=20&spp=20&staffonly=&term=Perry,+Charles+O.,+1929-+,+sculptor.&index=AUTHOR&uindex=&aspect=Browse&menu=search&ri=2"
1972,Octaform,Perry Residence,,Norwalk,CT,USA,Aluminum,3 feet,ribbed,Octaform,octaform-3,,,,,,y,???,collector
1967,Octaform,Mr. Joseph Hirshorn,,Greenwich,CT,USA,Aluminum,2 Feet,ribbed,,octaform-2,,,,,,,???,collector
1966,Octaform II,Mr. And Mrs. Charles Mitchell,,Oxford,,UK,Brass,1.5 Feet,ribbed,,octaform2-1,,,,,,,???,collector
1966,Octaform II,Mr. And Mrs. Anton Marguelas,,San Francisco,CA,USA,Brass,1.5 Feet,ribbed,,octaform2-2,,,,,,,???,collector
1985,Open Mace,National Solid Wastes Association,,Washington,DC,USA,Bronze,2 Feet,topological,,open-mace,,,,,,,n,commission
2000,Open Mace,Perry Residence,,Norwalk,CT,USA,Bronze,2 Feet,topological,OpenMaceP,open-mace-perry,,,,,,,y,collector
1985,Quartet,Summit Building,300 N Marienfeld St,Midland,TX,USA,Aluminum,24 feet,planar,Quartet,quartet,31.999672,-102.0792,"http://maps.google.com/maps?f=q&source=s_q&hl=en&geocode=&q=Summit+Building,+midland+tx&sll=38.860659,-77.213997&sspn=0.000563,0.001136&ie=UTF8&hq=Summit+Building,&hnear=Midland,+Texas&ll=31.999621,-102.079149&spn=0.001226,0.002272&t=h&z=19&layer=c&cbll=31.999618,-102.079257&panoid=U4h5esoEwdeIV0A9dLMjgQ&cbp=12,22.08,,0,4.36",y,,y,y,commission
1977,Ram,South Coast Plaza,695 Town Center Drive,Costa Mesa,CA,USA,Steel,18 feet,solid,Ram,ram,33.691727,-117.884138,"http://maps.google.com/maps?f=q&source=s_q&hl=en&q=South+Coast+Plaza+Shopping+Center,&sll=33.691753,-117.884281&sspn=0.000553,0.00164&ie=UTF8&t=h&split=1&rq=1&ev=p&radius=0.06&hq=South+Coast+Plaza+Shopping+Center,&hnear=&ll=33.691719,-117.884128&spn=0.000553,0.00164&z=20",y,,y,???,commission,Located between Park Tower and the Westin South Coast Plaza.
1982,Red Thrust,Town Center,100 Greyrock Place,Stamford,CT,USA,Steel,25 feet,planar,,red-thrust,,,"http://maps.google.com/maps?f=q&source=s_q&hl=en&q=Towne+Center,&sll=41.053466,-73.536472&sspn=0.004353,0.009023&ie=UTF8&t=h&split=1&rq=1&ev=zo&radius=0.28&hq=Towne+Center,&hnear=&ll=41.053588,-73.537009&spn=0.004353,0.009023&z=17",n,,,n,commission,indoors
1999,Regeneration,Zeimu University,351-0197 Wako City,Tokyo,,Japan,Aluminum,17 feet,solid,Regeneration,regeneration,35.7747537,139.6073947,"http://maps.google.com/maps?f=q&source=s_q&hl=en&geocode=&q=351-0197,+Japan&sll=37.0625,-95.677068&sspn=36.231745,68.203125&ie=UTF8&hq=&hnear=%E3%80%92351-0197&ll=35.774747,139.607414&spn=0.000286,0.00052&t=h&z=21",y,,,y,commission," National Tax College (ja:税務大学校, Zeimu Daigakkō)"
1979,Reno Mace,Taubman Corporation,Meadowood Mall,Reno,NV,USA,Brass,12 Feet,ribbed,reno_mace,reno-mace,39.47396,-119.78285,"http://maps.google.com/maps?ll=39.47386,-119.783024&spn=0.004472,0.008476&t=h&z=17&lci=com.panoramio.all",n,,,y,commission
1998,Ribbed Mobius Mace,Computer Science Corp.,3170 Fairview Park Dr,Falls Church,VA,USA,Stainless Steel,12 feet,ribbed,RibbedMM,ribbed-mobius-mace,38.860669,-77.213983,"http://maps.google.com/maps?f=q&source=s_q&hl=en&q=Computer+Sciences+Corporation&sll=38.860613,-77.214036&sspn=0.000563,0.001136&ie=UTF8&t=h&split=1&rq=1&ev=zi&radius=0.04&hq=Computer+Sciences+Corporation&hnear=&ll=38.860659,-77.213997&spn=0.000563,0.001136&z=20",y,,y,y,commission
1998,Rondo,Kinshicho Station,,Tokyo,,Japan,Aluminum,17 feet,planar,Rondo,rondo,35.6973496,139.8117683,"http://maps.google.com/maps?ll=35.697334,139.811781&spn=0.00031,0.00052&t=k&z=21&lci=com.panoramio.all",y,,y,y,commission
1981,Rotating Double Helix,Sheraton Bal Harbor,,Fort Lauderdale,FL,USA,Aluminum,25 feet,ribbed,,rotating-double-helix,25.888285,-80.122991,"http://maps.google.com/maps?q=sheraton+bal+harbor&ie=UTF8&hl=en&hq=Sheraton-Bal+Harbour+Bch+Resort&hnear=Sheraton-Bal+Harbour+Bch+Resort,+9701+Collins+Ave,+Bal+Harbour,+Florida+33154-2203&ll=25.888608,-80.122921&spn=0.002712,0.004141&t=h&z=18",n,"<iframe width=""425"" height=""350"" frameborder=""0"" scrolling=""no"" marginheight=""0"" marginwidth=""0"" src=""http://maps.google.com/maps?q=sheraton+bal+harbor&amp;ie=UTF8&amp;hl=en&amp;hq=Sheraton-Bal+Harbour+Bch+Resort&amp;hnear=Sheraton-Bal+Harbour+Bch+Resort,+9701+Collins+Ave,+Bal+Harbour,+Florida+33154-2203&amp;ll=25.888302,-80.122999&amp;spn=0.024092,0.038418&amp;t=h&amp;output=embed""></iframe><br /><small><a href=""http://maps.google.com/maps?q=sheraton+bal+harbor&amp;ie=UTF8&amp;hl=en&amp;hq=Sheraton-Bal+Harbour+Bch+Resort&amp;hnear=Sheraton-Bal+Harbour+Bch+Resort,+9701+Collins+Ave,+Bal+Harbour,+Florida+33154-2203&amp;ll=25.888302,-80.122999&amp;spn=0.024092,0.038418&amp;t=h&amp;source=embed"" style=""color:#0000FF;text-align:left"">View Larger Map</a></small>",,n,commission,does not exist
1977,S,MLC Centre,69 Castlereagh Street,Sydney,,Australia,Steel,25 feet,solid,S,s,"-33.868153,",151.209388,"http://maps.google.com/maps?source=s_q&hl=en&geocode=&q=Reserve+Bank+of+Australia,+Australia&sll=-33.868451,151.209407&sspn=0.001105,0.002258&ie=UTF8&hq=Reserve+Bank+of+Australia,+Australia&split=1&ei=dcJ-TN6JKZbwyAWw0P3qAw&hnear=&ll=-33.868367,151.209619&spn=0.002227,0.004517&t=h&z=18",y,,y,???,commission
1997,Sea & Sky,Kirishima City Hall,899-4394,Kirishima,,Japan,Aluminum,18 feet,solid,sea-sky,sea-sky,31.740764,130.762753,"http://maps.google.com/maps?f=q&source=s_q&hl=en&geocode=&q=%E3%80%92899-4394&sll=33.608454,130.385506&sspn=0.010097,0.017231&ie=UTF8&hq=&hnear=%E3%80%92899-4394&ll=31.740429,130.76267&spn=0.000584,0.002154&t=k&z=19&lci=com.panoramio.all&layer=c&cbll=31.740429,130.762669&panoid=kzsrwfDBerdpKhhtwoLAKg&cbp=12,34.17860200000001,,0,0",y,,,y,commission
1988,Shaving,Flagler Federal Tower,1700 Palm Beach Lakes Blvd,West Palm Beach,FL,USA,Aluminum,18 feet,solid,shaving,shaving,26.723949,-80.083543,"http://maps.google.com/maps?f=q&source=s_q&hl=en&geocode=&q=+1700+PALM+BEACH+LAKES+BLVD,+West+Palm+Beach,+Florida+33401&sll=37.0625,-95.677068&sspn=39.235538,63.017578&ie=UTF8&hq=&hnear=1700+Palm+Beach+Lakes+Blvd,+West+Palm+Beach,+Palm+Beach,+Florida+33401&ll=26.724192,-80.083736&spn=0.000682,0.000962&t=h&z=20&layer=c&cbll=26.723989,-80.083398&panoid=b_yVGUactjEY9CZCwteBQA&cbp=12,246.71,,1,-0.1",n,,,y,commission,not there
1989,Shell Mace,Shell Oil Co. Ltd.,1 Spring St,Melbourne,,Australia,Aluminum,28 feet,planar,ShellM,shall-mace,-37.815245,144.974792,"http://maps.google.com/maps?f=q&source=s_q&hl=en&geocode=&q=1+Spring+Street,+Melbourne,+Victoria,+Australia&sll=36.0589,-91.90484&sspn=0.0049,0.008476&gl=us&ie=UTF8&hq=&hnear=1+Spring+St,+Melbourne+Victoria+3000,+Australia&ll=-37.814935,144.974712&spn=0.001197,0.002119&t=h&z=19&layer=c&cbll=-37.815017,144.974749&panoid=a-jpomhi8omqARHuXI67ig&cbp=12,106.00524000000007,,0,0&photoid=pg-lxyxlwfX7ifudCZu_LfbTQ",y,,y,y,commission
1985,Ship of our Nights,Merritt 7 Building # 3,301 Main St,Norwalk,CT,USA,Aluminum,24 feet,ribbed,,ship-of-our-nights-3,41.149569,-73.426256,"http://maps.google.com/maps?f=q&source=s_q&hl=en&geocode=&q=301+Main+St,+Norwalk,+CT+06851,+USA&sll=42.451218,-71.243005&sspn=0.00053,0.001092&g=38+Parker+St,+Lexington,+MA+02421,+USA&ie=UTF8&hq=&hnear=301+Main+St,+Norwalk,+Fairfield,+Connecticut+06851&ll=41.149592,-73.426287&spn=0.000545,0.001092&t=h&z=20",y,,,y,commission
1984,Ship of our Nights,Linclay Corporation,,Cincinnati,OH,USA,Aluminum,24 feet,topological,,ship-of-our-nights-2,39.244016,-84.382483,"http://maps.google.com/maps?f=q&source=s_q&hl=en&geocode=&q=Northmark+Business+Center+,+Blue+Ash,+OH&sll=39.244011,-84.382124&sspn=0.004612,0.009162&ie=UTF8&hq=Northmark+Business+Center+,&hnear=Blue+Ash,+Hamilton,+Ohio&ll=39.244105,-84.382642&spn=0.001101,0.002291&t=h&z=19",n,,,y,commission
1984,Ship of our Nights,East Towne Mall,,Knoxville,TN,USA,Aluminum,50 feet,ribbed,Shipofournights,ship-of-our-nights-1,36.033909,-83.87586,"http://maps.google.com/maps?f=q&source=s_q&hl=en&geocode=&q=East+Towne+Mall+Shopping+Center,+Knoxville,+TN&sll=37.0625,-95.677068&sspn=39.047881,63.720703&ie=UTF8&hq=East+Towne+Mall+Shopping+Center,&hnear=Knoxville,+Knox,+Tennessee&ll=36.034091,-83.876581&spn=0.004694,0.011866&t=h&z=17",n,,y,y,commission
1977,Ship of our Nights,Saudi Arabian Airlines,,Jeddah,,Saudi Arabia,Aluminum,20 feet,ribbed,,ship-of-our-nights-4,21.670002,39.15069,"http://maps.google.com/maps?f=q&source=s_q&hl=en&geocode=&q=Jeddah+Saudi+Arabia+Saudi+Arabian+Airlines&sll=21.543486,39.172989&sspn=0.353186,0.53833&g=Jeddah+Saudi+Arabia&ie=UTF8&hq=Saudi+Arabian+Airlines&hnear=Jeddah,+Makkah+Saudi+Arabia&ll=21.66712,39.150167&spn=0.021218,0.033646&t=h&z=15",n,,,???,commission
1970,Ship of our Nights,Spelman College,772 Greensferry Ave SW,Atlanta,GA,USA,Aluminum,20 feet,ribbed,,ship-of-our-nights-5,33.74647,-84.412847,"http://maps.google.com/maps?ie=UTF8&q=spelman+college&fb=1&gl=us&hq=spelman+college&cid=0,0,17929322583875747606&ei=8U6gTOzlL4KClAeJncSrCg&ved=0CC4QnwIwAQ&hnear=&ll=33.746443,-84.412859&spn=0.000581,0.001059&t=h&z=20",y,,,???,commission
1971,Solar Cantata,Taubman Corporation,Hilltop Mall,Richmond,CA,USA,Aluminum,20 Feet,ribbed,solar_cantata,solar-cantata,37.980847,-122.32833,"http://maps.google.com/maps?q=hilltop+mall+richmond+ca&ie=UTF8&hq=&hnear=Hilltop+Mall,+Richmond,+Contra+Costa,+California&gl=us&ei=tK6cTI-HOoP88AbppvzODw&ved=0CBQQ8gEwAA&ll=37.980722,-122.328268&spn=0.00466,0.008626&t=h&z=17",y,,,,commission,http://www.flickr.com/photos/jeremybrooks/2729687091/lightbox/
1985,Solo,Summit Building,300 N Marienfeld St,Midland,TX,USA,Aluminum,24 feet,solid,Solo,solo,31.999672,-102.0792,"http://maps.google.com/maps?f=q&source=s-q&hl=en&geocode=&q=Summit+Building,+midland+tx&sll=38.860659,-77.213997&sspn=0.000563,0.001136&ie=UTF8&hq=Summit+Building,&hnear=Midland,+Texas&ll=31.999621,-102.079149&spn=0.001226,0.002272&t=h&z=19&layer=c&cbll=31.999618,-102.079257&panoid=U4h5esoEwdeIV0A9dLMjgQ&cbp=12,22.08,,0,4.36",y,,y,y,commission
1985,Solstice,Barnett Plaza,101 E Kennedy Blvd,Tampa,FL,USA,Stainless Steel,28 feet,ribbed,Solstice,solstice,27.947078,-82.458925,"http://maps.google.com/maps?f=q&source=s-q&hl=en&geocode=&q=27.94717519%09-82.45891035&sll=27.947526,-82.458031&sspn=0.001244,0.002119&ie=UTF8&ll=27.947287,-82.459106&spn=0.001175,0.002119&t=h&z=19&lci=com.panoramio.all&layer=c&cbll=27.947323,-82.458997&panoid=iWvkFxVQbEL2wrE-QHOVMQ&cbp=12,182.73,,0,2.49",y,,y,y,commission,http://www.cs.berkeley.edu/~sequin/ART/KnotMathArt2007/PerrySculpture/index.html
1965,Sound of Another Season,Mr. Peter Hopkinson,,New York,NY,USA,Bronze,3 Feet,ribbed,,sound-of-another-season,,,,,,,???,collector
1967,Spiral Mace,Dartmouth College <br> Hood Museum of Art ,,Hanover,NH,USA,Bronze,1 Foot,topological,,spiral-mace,43.701656,-72.287545,"http://maps.google.com/maps?num=100&hl=en&q=hood+museum+address&ie=UTF8&hq=Hood+Museum+of+Art&hnear=Hood+Museum+of+Art,+6068+Blunt+Alumni+Center,+Hanover,+New+Hampshire+03755-3548&ll=43.701747,-72.287451&spn=0.001001,0.00202&t=h&z=19",n,,,,collector,"http://siris-artinventories.si.edu/ipac20/ipac.jsp?session=128H107K40777.20309&profile=ariall&source=~!siartinventories&view=subscriptionsummary&uri=full=3100001~!2868~!6&ri=2&aspect=Browse&menu=search&ipp=20&spp=20&staffonly=&term=Perry,+Charles+O.,+1929-+,+sculptor.&index=AUTHOR&uindex=&aspect=Browse&menu=search&ri=2"
1992,Split Mace,Richard McKenzie,,Greenwich,CT,USA,Bronze,2 Feet,planar,,split-mace-mc,,,,,,y,y,commission
1977,Split Mace,Taubman Corporation,,Brea,CA,USA,Bronze,6 Feet,planar,,split-mace,,,,,,,???,commission,no longer on display
2000,Split Ribbed Mace,Prospect Heights Care Center,"336 Prospect Heights, 07606",Hackensack,NJ,USA,Stainless Steel,12 Feet,ribbed,,split-ribbed-mace-nj,40.893306,-74.051526,"http://maps.google.com/maps?f=q&source=s_q&hl=en&geocode=&q=336+Prospect+Heights,+hakensack+NJ+07606&sll=25.709503,-80.244591&sspn=0.010614,0.01708&g=336+Prospect+Heights,+07606&ie=UTF8&hq=&hnear=336+Prospect+Ave,+Hackensack,+Bergen,+New+Jersey+07601&ll=40.893351,-74.05144&spn=0.000527,0.001062&t=h&z=20",y,,,n,commission
1991,Split Ribbed Mace,Haskell Gardens,,Jacksonville,FL,USA,Stainless Steel,12 Feet,ribbed,split-ribbed-mace,split-ribbed-mace,30.258004,-81.69592,"http://maps.google.com/maps?ll=30.257976,-81.695881&spn=0.000656,0.001022&t=h&z=20&lci=com.panoramio.all",y,,,n,commission,http://siris-archives.si.edu/ipac20/ipac.jsp?uri=full=3100001~!287423!0
1986,Stainless Steel Ribbed Mace,Dallas Fairview Co.,,Dallas,TX,USA,Stainless Steel,4 Feet,ribbed,,ribbed-mace,,,,,,,n,commission
1966,Star Mobius,Mr. And Mrs Shiff,,Calgary,Alberta,CA,Bronze,2.5 Feet,topological,star_mobius,star-mobius,,,,,,,???,collector
1999,Tetra,Waterfront Park,East Witherspoon Street,Louisville,KY,USA,Bronze,16 Feet,topological,,tetra,38.258122,-85.749123,"http://maps.google.com/maps?f=q&source=s_q&hl=en&geocode=&q=Waterfront+Park,+Louisville,+KY&sll=33.744776,-84.411281&sspn=0.0006,0.001128&ie=UTF8&hq=Louisville+Waterfront+Park&hnear=Louisville+Waterfront+Park,+Louisville,+Jefferson,+Kentucky+40206&t=h&ll=38.258065,-85.749147&spn=0.001059,0.002234&z=19&layer=c&cbll=38.258065,-85.749147&cbp=12,0,,0,5&photoid=fr-2068072584",y,,,y,commission
1999,Tetra,On Loan,,New Cannan,CT,USA,Bronze,3 Feet,topological,,tetra-2
1983,The Century,Century Association,7 West 43rd Street,New York,NY,USA,Bronze,1 Foot,topological,,century,40.754479,-73.981052,"http://maps.google.com/maps?f=q&source=s_q&hl=en&geocode=&q=7+West+43rd+Street,+New+York,+NY&sll=33.746897,-84.412519&sspn=0.001247,0.002081&gl=us&ie=UTF8&hq=&hnear=7+W+43rd+St,+New+York,+10036&ll=40.75461,-73.981247&spn=0.001144,0.002081&t=h&z=19&layer=c&cbll=40.754492,-73.981185&panoid=vYdzBjkthNI4-LLxOfz3CQ&cbp=12,28.49,,0,-13.78",n,,,get,collector,Helix Mobius Mace
1983,The Guardian,Soundview Plaza,1246 East Main Street,Stamford,CT,USA,Aluminum,17 Feet,planar,Guardian,guardian,41.059977,-73.50964,"http://maps.google.com/maps?f=q&source=s_q&hl=en&geocode=&q=Soundview+Plaza+Associates,+Stamford,+CT&sll=41.216084,-73.25237&sspn=0.00109,0.002258&gl=us&ie=UTF8&hq=Soundview+Plaza+Associates,&hnear=Stamford,+Fairfield,+Connecticut&ll=41.059958,-73.50972&spn=0.000247,0.001129&t=h&z=20&lci=com.panoramio.all&layer=c&cbll=41.059886,-73.50964&panoid=rz87yNVnl2liIaYWLmIGUg&cbp=11,340.64,,0,-1.09",y,,y,y,commission
1986,Three,Edward A. Lashins Inc.,Business Park Dr.,Armonk,NY,USA,Steel,15 Feet,planar,Three,three-2,41.12196,-73.708238,"http://maps.google.com/maps?f=q&source=s_q&hl=en&geocode=&sll=37.0625,-95.677068&sspn=35.410182,61.875&ie=UTF8&hq=Edward+A+Lashins+Inc,&hnear=Armonk,+Westchester,+New+York&t=h&ll=41.121943,-73.70826&spn=0.000571,0.001041&z=20",y,,y,y,commission
1983,Three,Paragon Group,2400 East Commercial Boulevard,Fort Lauderdale,FL,USA,Aluminum,7 Feet,planar,,three-1,26.188931,-80.114901,"http://maps.google.com/maps?f=q&source=s_q&hl=en&geocode=&q=2400+East+Commercial+Boulevard,+Fort+Lauderdale,+FL&sll=26.058263,-80.204194&sspn=0.166857,0.258522&gl=us&ie=UTF8&hq=&hnear=2400+E+Commercial+Blvd,+Fort+Lauderdale,+Broward,+Florida+33308&ll=26.188732,-80.11477&spn=0.001312,0.00202&t=h&z=19",n,,,,commission,painted white
1975,Three,Wilshire & Bedford,9665 Wilshire Blvd,Beverly Hills,CA,USA,Steel,20 Feet,planar,,three-3,34.067296,-118.404162,"http://maps.google.com/maps?f=q&source=s_q&hl=en&geocode=&q=9665+Wilshire+Boulevard,+Los+Angeles,+CA&sll=34.040291,-118.557956&sspn=0.00905,0.015106&ie=UTF8&hq=&hnear=Wilshire+Blvd,+Beverly+Hills,+Los+Angeles,+California+90212&t=h&layer=c&cbll=34.067072,-118.404104&panoid=7ZmDAlNlQIX1ERaZT3BWKQ&cbp=12,78.71597099999991,,0,0&ll=34.066921,-118.404328&spn=0.001242,0.003085&z=19&photoid=po-38968798",y,,,???,commission
1973,Thrice,Federal Reserve Bank,84 2nd Ave North,Minneapolis,MN,USA,Steel,20 Feet,solid,Thrice,thrice,44.9869777,-93.267273,"http://maps.google.com/maps?f=q&source=s_q&hl=en&geocode=&q=Mineapolis,+Minesota&sll=37.0625,-95.677068&sspn=36.231745,74.355469&ie=UTF8&hq=&hnear=Minneapolis,+Hennepin,+Minnesota&ll=44.987002,-93.267122&spn=0.000494,0.001135&t=h&z=20&layer=c&cbll=44.987082,-93.267162&panoid=6GLXFLHTrJW3FP_IQBKpVw&cbp=12,209.36,,0,6.7",y,,y,???,commission
1984,Trio,Lincoln Properties,,Maitland,FL,USA,Aluminum,17 Feet,planar,Trio,trio,,,,,,y,y,commission,taken down
1974,Turbo,General Electric Headquarters,3135 Easton Turnpike,Fairfield,CT,USA,Steel,20 Feet,planar,Turbo,turbo,41.21613,-73.252459,"http://maps.google.com/maps?ll=41.216084,-73.25237&spn=0.00109,0.002258&t=h&z=19&lci=com.panoramio.all",,,y,???,commission
1990,Uconn,University of Connecticut,"Music Library, 1220 Storrs Road",Storrs,CT,USA,Aluminum,12 Feet,solid,,uconn,41.804912,-72.244399,"http://maps.google.com/maps?f=q&source=s_q&hl=en&q=art&sll=41.804784,-72.244372&sspn=0.001074,0.002929&gl=us&ie=UTF8&t=h&split=1&rq=1&ev=p&radius=0.09&hq=art&hnear=&ll=41.804926,-72.244243&spn=0.001082,0.002929&z=19&layer=c&cbll=41.804998,-72.244302&panoid=vuUCZag8Ne6c6Japhe-oMA&cbp=12,232.15,,1,2.28",y,,,y,commission
1978,Untitled,Miami Beach Youth Center,2793 Sheridan Avenue,Miami,FL,USA,Steel,10 Feet,solid,untitled,untitled,25.803775,-80.129361,"http://maps.google.com/maps?f=q&source=s_q&hl=en&geocode=&sll=37.0625,-95.677068&sspn=38.911557,42.802734&ie=UTF8&hq=Youth+Center&hnear=Miami+Beach,+Miami-Dade,+Florida&t=h&layer=c&cbll=25.803806,-80.129183&panoid=3LuVH2jDuraCbjofMBWSog&cbp=12,270.99,,1,-0.93&ll=25.803722,-80.129161&spn=0.000669,0.001097&z=20",y,,,n,commission,http://web.miamibeachfl.gov/tcd/aipp/scroll.aspx?id=28252
1986,Vertical Duality,Northpark Town Center,1000 Abernathy Rd NE,Atlanta,GA,USA,Bronze,6 Feet,topological,,vertical-duality,33.934628,-84.352641,"http://maps.google.com/maps?ll=33.934343,-84.354486&spn=0.002532,0.006351&t=h&z=18&lci=com.panoramio.all",n,,y,y,commission,in garage
1974,Worlds,Dallas International Bank,,Dallas,TX,USA,Chrome,20 Feet,ribbed,,worlds,,,,,,,???,commission,taken down
1967,Zanzara,Art Institute of Chicago,,Chicago,IL,USA,Brass,1.5 feet,ribbed,,zanzara-1,,,,,,,???,collector
1967,Zanzara,Mr. And Mrs. Esteban,,San Francisco,CA,USA,Brass,1.5 feet,ribbed,,zanzara-3,,,,,,,???,collector
1964,Zanzara,Mrs. Florence Knoll,,Miami,FL,USA,Wood,1.5 feet,solid,,zanzara-2,,,,,,,???,collector,wood
2009,Zero,Dawson Residence,,Jackson Hole,WY,USA,Bronze,2 Feet,topological,zero,zero,,,,,,,n,collector
2005,Zero,Perry Residence,,Norwalk,CT,USA,Bronze,2 Feet,topological,,zero-2,,,,,,,n,collector 